time,event,direction,avg_left_m,avg_right_m,front_m,start_yaw,end_yaw,yaw_change,timed_out
07:55:15,start,left,1.714,0.348,0.333,-4.7,,,
07:55:16,complete,left,,,,-4.7,-91.5,-86.7,False
07:55:18,start,left,1.152,0.448,0.278,-136.6,,,
07:55:22,complete,left,,,,-136.6,-151.6,-15.0,True
07:55:22,start,right,0.930,1.032,0.189,-151.1,,,
07:55:26,complete,right,,,,-151.1,-151.5,-0.4,True
07:55:26,start,right,0.937,1.000,0.192,-151.4,,,
07:55:30,complete,right,,,,-151.4,-151.8,-0.4,True
07:55:30,start,right,0.935,0.971,0.191,-152.1,,,
07:55:35,complete,right,,,,-152.1,-152.3,-0.2,True
07:55:35,start,right,0.936,1.009,0.192,-152.4,,,
07:55:39,complete,right,,,,-152.4,-153.3,-0.9,True
07:55:39,start,right,0.936,1.007,0.193,-153.3,,,
07:55:43,complete,right,,,,-153.3,-153.9,-0.5,True
07:55:43,start,right,0.935,1.017,0.194,-153.6,,,
07:55:47,complete,right,,,,-153.6,-100.2,53.4,True
07:56:51,start,left,1.565,0.432,0.261,-120.8,,,
07:56:53,complete,left,,,,-120.8,-196.8,-76.0,False
07:56:57,start,left,1.661,0.385,0.281,-191.6,,,
07:56:59,complete,left,,,,-191.6,-268.9,-77.3,False
07:57:01,start,left,1.033,0.690,0.282,-347.9,,,
07:57:05,complete,left,,,,-347.9,-368.6,-20.8,True
07:57:05,start,right,0.908,1.153,0.166,-368.1,,,
07:57:09,complete,right,,,,-368.1,-369.0,-0.9,True
07:57:09,start,right,0.906,1.151,0.169,-368.9,,,
07:57:11,complete,right,,,,-368.9,-293.6,75.2,False
13:24:14,start,left,1.640,0.406,0.409,3.1,,,
13:24:18,complete,left,,,,3.1,3.0,-0.1,True
13:24:18,start,left,1.639,0.406,0.410,3.0,,,
13:24:21,complete,left,,,,3.0,3.1,0.1,True
13:24:22,start,left,1.639,0.406,0.407,3.1,,,
13:24:25,complete,left,,,,3.1,8.4,5.3,True
13:27:05,start,left,1.633,0.410,0.426,3.8,,,
13:27:08,complete,left,,,,3.8,-64.0,-67.8,True
13:27:35,start,left,1.648,0.397,0.392,5.5,,,
13:27:37,complete,left,,,,5.5,-69.7,-75.1,False
13:28:01,start,left,0.442,0.441,0.419,-5.4,,,
13:28:04,complete,left,,,,-5.4,-51.0,-45.7,True
13:29:16,start,left,1.299,0.406,0.357,-5.3,,,
13:29:18,complete,left,,,,-5.3,-73.9,-68.6,False
13:30:08,start,left,1.702,0.340,0.371,8.7,,,
13:30:09,complete,left,,,,8.7,-59.5,-68.2,False
13:30:12,start,left,0.589,0.486,0.382,-108.5,,,
13:30:13,complete,left,,,,-108.5,-177.8,-69.3,False
13:30:16,start,left,1.531,0.320,0.343,-166.6,,,
13:30:17,complete,left,,,,-166.6,-232.2,-65.7,False
13:30:22,start,left,1.486,0.367,0.365,-257.5,,,
13:30:23,complete,left,,,,-257.5,-324.6,-67.1,False
13:30:26,start,left,1.637,0.409,0.349,-341.6,,,
13:30:27,complete,left,,,,-341.6,-411.7,-70.2,False
13:30:31,start,left,1.570,0.419,0.351,-443.7,,,
13:30:32,complete,left,,,,-443.7,-509.6,-65.9,False
13:30:35,start,left,1.667,0.372,0.355,-522.8,,,
13:30:36,complete,left,,,,-522.8,-588.2,-65.4,False
13:30:41,start,left,0.633,0.534,0.374,-642.5,,,
13:30:42,complete,left,,,,-642.5,-710.7,-68.1,False
13:30:45,start,left,1.659,0.384,0.382,-695.5,,,
13:30:49,complete,left,,,,-695.5,-754.3,-58.8,True
13:31:40,start,left,1.670,0.367,0.333,-706.4,,,
13:31:41,complete,left,,,,-706.4,-774.0,-67.6,False
13:31:43,start,left,1.590,0.397,0.337,-802.6,,,
13:31:44,complete,left,,,,-802.6,-873.6,-71.0,False
13:31:47,start,left,1.683,0.353,0.345,-873.4,,,
13:31:48,complete,left,,,,-873.4,-938.6,-65.2,False
13:31:52,start,left,1.533,0.375,0.328,-965.8,,,
13:31:53,complete,left,,,,-965.8,-1036.8,-71.1,False
13:31:56,start,left,1.631,0.411,0.365,-1044.5,,,
13:31:57,complete,left,,,,-1044.5,-1112.7,-68.2,False
13:32:00,start,left,1.569,0.424,0.362,-1146.2,,,
13:32:01,complete,left,,,,-1146.2,-1214.1,-67.9,False
13:32:04,start,left,1.648,0.390,0.381,-1230.6,,,
13:32:05,complete,left,,,,-1230.6,-1297.0,-66.4,False
13:32:09,start,left,1.459,0.399,0.353,-1329.8,,,
13:32:10,complete,left,,,,-1329.8,-1398.9,-69.1,False
13:32:13,start,left,1.632,0.413,0.343,-1409.0,,,
13:32:14,complete,left,,,,-1409.0,-1476.9,-67.9,False
13:32:17,start,left,1.589,0.399,0.366,-1508.7,,,
13:32:18,complete,left,,,,-1508.7,-1579.1,-70.4,False
13:32:21,start,left,1.678,0.362,0.350,-1589.8,,,
13:32:22,complete,left,,,,-1589.8,-1657.5,-67.7,False
13:32:26,start,left,1.479,0.385,0.382,-1683.0,,,
13:32:27,complete,left,,,,-1683.0,-1751.8,-68.8,False
13:32:30,start,left,1.650,0.394,0.371,-1767.6,,,
13:32:31,complete,left,,,,-1767.6,-1833.0,-65.4,False
13:32:35,start,left,1.246,0.419,0.368,-1871.7,,,
13:32:36,complete,left,,,,-1871.7,-1939.9,-68.2,False
13:32:39,start,left,1.689,0.352,0.384,-1947.3,,,
13:32:40,complete,left,,,,-1947.3,-2016.7,-69.4,False
16:28:57,start,right,1.310,3.247,0.245,-432.6,,,
16:29:00,complete,right,,,,-432.6,-418.7,14.0,True
16:29:00,start,right,0.436,0.997,0.155,-417.9,,,
16:29:04,complete,right,,,,-417.9,-352.9,64.9,True
19:42:18,start,left,1.641,0.411,0.340,-11.7,,,
19:42:18,complete,left,,,,-11.7,-78.8,-67.1,False
19:42:21,start,left,1.573,0.372,0.326,-98.7,,,
19:42:22,complete,left,,,,-98.7,-168.4,-69.7,False
19:42:25,start,left,1.241,0.351,0.342,-175.2,,,
19:42:26,complete,left,,,,-175.2,-243.7,-68.5,False
19:42:26,start,left,0.513,0.157,0.244,-260.5,,,
19:42:27,complete,left,,,,-260.5,-329.0,-68.5,False
19:42:27,start,left,0.949,0.659,0.197,-345.2,,,
19:42:31,complete,left,,,,-345.2,-345.2,-0.0,True
19:42:31,start,right,0.914,1.103,0.160,-345.7,,,
19:44:35,start,left,1.650,0.404,0.333,-367.7,,,
19:44:35,complete,left,,,,-367.7,-439.6,-71.9,False
19:44:38,start,left,1.574,0.370,0.331,-455.8,,,
19:44:39,complete,left,,,,-455.8,-522.7,-66.8,False
19:44:41,start,right,0.372,0.448,0.315,-591.3,,,
19:44:42,complete,right,,,,-591.3,-525.8,65.5,False
19:44:43,start,left,1.614,0.284,0.365,-547.5,,,
19:44:44,complete,left,,,,-547.5,-616.7,-69.2,False
19:44:47,start,left,1.521,0.321,0.347,-644.7,,,
19:44:48,complete,left,,,,-644.7,-711.3,-66.6,False
19:44:50,start,left,1.657,0.396,0.354,-730.0,,,
19:44:51,complete,left,,,,-730.0,-799.9,-69.9,False
19:44:54,start,left,1.579,0.365,0.355,-822.5,,,
19:44:55,complete,left,,,,-822.5,-890.5,-68.1,False
19:44:58,start,left,1.682,0.359,0.372,-906.0,,,
19:44:59,complete,left,,,,-906.0,-973.5,-67.5,False
19:45:02,start,left,1.500,0.339,0.350,-1004.2,,,
19:45:03,complete,left,,,,-1004.2,-1069.5,-65.4,False
19:45:06,start,left,1.665,0.386,0.359,-1088.5,,,
19:45:07,complete,left,,,,-1088.5,-1157.2,-68.7,False
19:45:47,start,left,1.583,0.355,0.406,-1181.1,,,
19:45:48,complete,left,,,,-1181.1,-1250.5,-69.4,False
19:45:50,start,left,1.735,0.306,0.397,-1267.6,,,
19:45:51,complete,left,,,,-1267.6,-1333.5,-65.9,False
19:45:54,start,left,1.439,0.320,0.422,-1366.8,,,
19:45:55,complete,left,,,,-1366.8,-1434.3,-67.6,False
19:45:58,start,left,1.718,0.328,0.346,-1451.0,,,
19:45:59,complete,left,,,,-1451.0,-1517.6,-66.7,False
19:46:02,start,left,1.591,0.347,0.407,-1540.1,,,
19:46:03,complete,left,,,,-1540.1,-1606.3,-66.2,False
19:46:05,start,left,1.719,0.322,0.390,-1625.3,,,
19:46:06,complete,left,,,,-1625.3,-1690.5,-65.2,False
19:46:10,start,left,1.497,0.324,0.422,-1723.4,,,
19:46:11,complete,left,,,,-1723.4,-1791.4,-68.0,False
19:47:17,start,left,1.175,0.396,0.411,-1802.4,,,
19:47:18,complete,left,,,,-1802.4,-1868.1,-65.7,False
19:47:21,start,left,0.791,0.368,0.437,-1908.0,,,
19:47:22,complete,left,,,,-1908.0,-1976.6,-68.6,False
19:47:24,start,left,1.767,0.271,0.431,-1986.3,,,
19:47:25,complete,left,,,,-1986.3,-2052.4,-66.0,False
19:47:29,start,left,0.598,0.333,0.459,-2092.2,,,
19:47:30,complete,left,,,,-2092.2,-2157.8,-65.7,False
19:47:33,start,left,1.747,0.301,0.304,-2165.9,,,
19:47:34,complete,left,,,,-2165.9,-2231.6,-65.6,False
19:47:38,start,left,1.595,0.344,0.417,-2248.9,,,
19:47:39,complete,left,,,,-2248.9,-2317.7,-68.8,False
19:47:42,start,left,1.723,0.318,0.421,-2337.5,,,
19:47:43,complete,left,,,,-2337.5,-2402.8,-65.3,False
19:47:47,start,left,1.251,0.324,0.453,-2435.7,,,
19:47:48,complete,left,,,,-2435.7,-2501.1,-65.4,False
19:47:51,start,left,1.135,0.325,0.377,-2525.1,,,
19:47:52,complete,left,,,,-2525.1,-2592.2,-67.1,False
19:47:56,start,left,0.496,0.378,0.452,-2624.5,,,
19:47:57,complete,left,,,,-2624.5,-2690.8,-66.3,False
19:48:01,start,left,1.757,0.279,0.430,-2700.9,,,
19:48:02,complete,left,,,,-2700.9,-2766.3,-65.4,False
19:48:06,start,left,0.527,0.322,0.476,-2803.0,,,
19:48:08,complete,left,,,,-2803.0,-2868.6,-65.7,False
20:27:09,start,left,1.056,0.393,0.194,-87.5,,,
20:27:10,complete,left,,,,-87.5,-152.8,-65.3,False
20:27:12,start,left,0.632,0.511,0.409,-201.1,,,
20:28:17,start,left,1.046,0.399,0.198,-88.6,,,
20:28:18,complete,left,,,,-88.6,-153.9,-65.3,False
20:28:20,start,right,0.560,0.565,0.442,-189.8,,,
20:33:47,start,left,1.048,0.380,0.187,-83.3,,,
20:33:48,complete,left,,,,-83.3,-152.8,-69.4,False
20:35:16,start,left,1.047,0.407,0.215,-79.8,,,
20:35:17,complete,left,,,,-79.8,-145.7,-66.0,False
20:36:48,start,left,1.054,0.404,0.198,-78.2,,,
20:36:49,complete,left,,,,-78.2,-146.6,-68.3,False
20:36:52,start,left,0.685,0.484,0.398,-198.1,,,
20:45:36,start,left,0.833,0.370,0.263,-86.5,,,
20:45:37,complete,left,,,,-86.5,-156.0,-69.4,False
20:46:46,start,left,0.627,0.348,0.359,-100.7,,,
20:46:48,complete,left,,,,-100.7,-167.6,-66.8,False
20:46:50,start,left,0.756,0.453,0.382,-200.0,,,
20:46:51,complete,left,,,,-200.0,-266.0,-66.0,False
20:46:51,start,left,1.335,0.185,0.198,-279.3,,,
