time,state,event,detected_pillars,candidate_color,candidate_y,candidate_angle,history,active_color,locked_x,locked_y,note
1787067349.337,search,no_candidate,,,,,,,,,
1787067349.409,search,no_candidate,,,,,,,,,
1787067349.484,search,no_candidate,,,,,,,,,
1787067349.562,search,no_candidate,,,,,,,,,
1787067349.638,search,no_candidate,,,,,,,,,
1787067349.714,search,no_candidate,,,,,,,,,
1787067349.791,search,no_candidate,green:1.11:4.0,,,,,,,,
1787067349.867,search,no_candidate,green:1.88:0.6,,,,,,,,
1787067349.946,search,no_candidate,green:1.87:0.8,,,,,,,,
1787067350.022,search,no_candidate,green:1.83:0.7,,,,,,,,
1787067350.097,search,no_candidate,green:1.03:6.0,,,,,,,,
1787067350.178,search,no_candidate,,,,,,,,,
1787067350.251,search,no_candidate,,,,,,,,,
1787067350.328,search,no_candidate,,,,,,,,,
1787067350.404,search,no_candidate,,,,,,,,,
1787067350.482,search,no_candidate,,,,,,,,,
1787067350.562,search,no_candidate,,,,,,,,,
1787067350.635,search,no_candidate,,,,,,,,,
1787067350.712,search,no_candidate,,,,,,,,,
1787067350.789,search,no_candidate,,,,,,,,,
1787067350.866,search,no_candidate,,,,,,,,,
1787067350.944,search,no_candidate,,,,,,,,,
1787067351.021,search,no_candidate,,,,,,,,,
1787067351.098,search,no_candidate,,,,,,,,,
1787067351.175,search,no_candidate,,,,,,,,,
1787067351.252,search,no_candidate,,,,,,,,,
1787067351.329,search,candidate,green:0.62:3.3,green,0.624,3.3,green,,,,
1787067351.407,search,no_candidate,,,,,,,,,
1787067351.484,search,no_candidate,,,,,,,,,
1787067351.565,search,no_candidate,,,,,,,,,
1787067351.639,search,no_candidate,,,,,,,,,
1787067351.716,search,no_candidate,,,,,,,,,
1787067351.793,search,no_candidate,,,,,,,,,
1787067351.870,search,no_candidate,,,,,,,,,
1787067351.947,search,no_candidate,,,,,,,,,
1787067352.024,search,no_candidate,,,,,,,,,
1787067352.100,search,no_candidate,,,,,,,,,
1787067352.177,search,no_candidate,,,,,,,,,
1787067352.253,search,no_candidate,,,,,,,,,
1787067352.331,search,no_candidate,,,,,,,,,
1787067352.407,search,candidate,green:0.26:-9.8,green,0.258,-9.8,green,,,,
1787067352.485,search,candidate,green:0.24:-10.4,green,0.236,-10.4,"green,green",,,,
1787067352.566,search,candidate,green:0.21:-12.7,green,0.213,-12.7,"green,green,green",,,,
1787067352.566,search,lock,green:0.21:-12.7,,,,,green,-0.048,0.213,
1787067352.636,locked,track,,,,,,green,-0.033,0.185,
1787067352.713,locked,track,,,,,,green,-0.032,0.162,
1787067352.789,locked,track,,,,,,green,-0.051,0.145,
1787067352.866,locked,release,,,,,,green,-0.051,0.145,cluster হারিয়ে গেছে
1787067352.948,search,no_candidate,,,,,,,,,
1787067353.023,search,no_candidate,,,,,,,,,
1787067353.101,search,no_candidate,,,,,,,,,
1787067353.177,search,no_candidate,,,,,,,,,
1787067353.256,search,no_candidate,,,,,,,,,
1787067353.331,search,no_candidate,,,,,,,,,
1787067353.408,search,no_candidate,,,,,,,,,
1787067353.485,search,no_candidate,,,,,,,,,
1787067353.567,search,no_candidate,,,,,,,,,
1787067353.638,search,no_candidate,,,,,,,,,
1787067353.716,search,no_candidate,,,,,,,,,
1787067353.791,search,no_candidate,,,,,,,,,
1787067353.868,search,no_candidate,,,,,,,,,
1787067353.946,search,no_candidate,,,,,,,,,
1787067354.022,search,no_candidate,,,,,,,,,
1787067517.085,search,no_candidate,,,,,,,,,
1787067517.157,search,no_candidate,,,,,,,,,
1787067517.233,search,no_candidate,,,,,,,,,
1787067517.309,search,no_candidate,,,,,,,,,
1787067517.386,search,no_candidate,,,,,,,,,
1787067517.461,search,no_candidate,,,,,,,,,
1787067517.538,search,no_candidate,,,,,,,,,
1787067517.614,search,no_candidate,,,,,,,,,
1787067517.691,search,no_candidate,,,,,,,,,
1787067517.768,search,no_candidate,,,,,,,,,
1787067517.844,search,no_candidate,,,,,,,,,
1787067517.921,search,no_candidate,,,,,,,,,
1787067517.997,search,no_candidate,,,,,,,,,
1787067518.074,search,no_candidate,,,,,,,,,
1787067518.151,search,no_candidate,red:0.88:7.3,,,,,,,,
1787067518.228,search,no_candidate,red:0.86:7.5,,,,,,,,
1787067518.305,search,no_candidate,red:0.83:8.1,,,,,,,,
1787067518.382,search,no_candidate,red:0.81:8.3,,,,,,,,
1787067518.459,search,no_candidate,red:0.79:8.3,,,,,,,,
1787067518.536,search,no_candidate,red:0.76:8.1,,,,,,,,
1787067518.613,search,candidate,red:0.73:8.1,red,0.733,8.1,red,,,,
1787067518.690,search,no_candidate,,,,,,,,,
1787067518.767,search,candidate,red:0.68:8.5,red,0.684,8.5,red,,,,
1787067518.845,search,candidate,red:0.66:8.2,red,0.661,8.2,"red,red",,,,
1787067518.923,search,candidate,red:0.64:8.0,red,0.638,8.0,"red,red,red",,,,
1787067518.923,search,lock,red:0.64:8.0,,,,,red,0.089,0.638,
1787067518.996,locked,track,,,,,,red,0.084,0.615,
1787067519.074,locked,track,,,,,,red,0.073,0.592,
1787067519.152,locked,track,,,,,,red,0.052,0.568,
1787067519.229,locked,track,,,,,,red,0.023,0.545,
1787067519.307,locked,track,,,,,,red,0.003,0.524,
1787067519.384,locked,track,,,,,,red,-0.053,0.501,
1787067519.461,locked,track,,,,,,red,-0.080,0.478,
1787067519.538,locked,track,,,,,,red,-0.094,0.457,
1787067519.614,locked,track,,,,,,red,-0.108,0.434,
1787067519.691,locked,track,,,,,,red,-0.126,0.407,
1787067519.768,locked,track,,,,,,red,-0.134,0.382,
1787067519.845,locked,track,,,,,,red,-0.144,0.354,
1787067519.921,locked,track,,,,,,red,-0.146,0.329,
1787067519.998,locked,track,,,,,,red,-0.148,0.306,
1787067520.075,locked,track,,,,,,red,-0.154,0.280,
1787067520.152,locked,track,,,,,,red,-0.159,0.257,
1787067520.229,locked,track,,,,,,red,-0.160,0.233,
1787067520.306,locked,track,,,,,,red,-0.162,0.207,
1787067520.382,locked,track,,,,,,red,-0.164,0.180,
1787067520.459,locked,track,,,,,,red,-0.163,0.154,
1787067520.536,locked,track,,,,,,red,-0.165,0.127,
1787067520.613,locked,track,,,,,,red,-0.164,0.102,
1787067520.690,locked,track,,,,,,red,-0.163,0.078,
1787067520.767,locked,track,,,,,,red,-0.163,0.052,
1787067520.844,locked,track,,,,,,red,-0.161,0.034,
1787067520.921,locked,track,,,,,,red,-0.158,0.022,
1787067520.998,locked,track,,,,,,red,-0.163,0.012,
1787067521.075,locked,release,,,,,,red,-0.163,0.012,y<=0 (পার হয়ে গেছে)
1787067521.156,search,no_candidate,,,,,,,,,
1787067521.233,search,no_candidate,,,,,,,,,
1787067521.310,search,no_candidate,,,,,,,,,
1787067521.387,search,no_candidate,,,,,,,,,
1787067521.464,search,no_candidate,,,,,,,,,
1787067521.542,search,no_candidate,,,,,,,,,
1787067521.620,search,no_candidate,,,,,,,,,
1787067521.696,search,no_candidate,,,,,,,,,
1787067521.773,search,no_candidate,,,,,,,,,
1787067521.849,search,no_candidate,,,,,,,,,
1787067521.927,search,no_candidate,,,,,,,,,
1787067522.004,search,no_candidate,,,,,,,,,
1787067522.081,search,no_candidate,,,,,,,,,
1787067522.157,search,no_candidate,,,,,,,,,
1787067522.234,search,no_candidate,,,,,,,,,
1787067522.312,search,no_candidate,,,,,,,,,
1787067522.389,search,no_candidate,,,,,,,,,
1787067522.467,search,no_candidate,,,,,,,,,
1787067522.543,search,no_candidate,,,,,,,,,
1787067522.620,search,no_candidate,,,,,,,,,
1787067522.697,search,no_candidate,,,,,,,,,
1787067522.773,search,no_candidate,,,,,,,,,
1787067522.850,search,no_candidate,,,,,,,,,
1787067522.927,search,no_candidate,,,,,,,,,
1787067523.004,search,no_candidate,,,,,,,,,
1787067523.082,search,no_candidate,,,,,,,,,
1787067523.159,search,no_candidate,,,,,,,,,
1787067523.236,search,no_candidate,,,,,,,,,
1787067523.316,search,no_candidate,,,,,,,,,
1787067523.392,search,no_candidate,,,,,,,,,
1787067523.468,search,no_candidate,,,,,,,,,
1787067988.608,search,no_candidate,,,,,,,,,
1787067988.679,search,no_candidate,,,,,,,,,
1787067988.755,search,no_candidate,,,,,,,,,
1787067988.831,search,no_candidate,,,,,,,,,
1787067988.908,search,no_candidate,,,,,,,,,
1787067988.984,search,no_candidate,,,,,,,,,
1787067989.061,search,no_candidate,,,,,,,,,
1787067989.138,search,no_candidate,,,,,,,,,
1787067989.214,search,no_candidate,,,,,,,,,
1787067989.290,search,no_candidate,,,,,,,,,
1787067989.367,search,no_candidate,,,,,,,,,
1787067989.444,search,no_candidate,,,,,,,,,
1787067989.521,search,no_candidate,,,,,,,,,
1787067989.598,search,no_candidate,red:0.90:6.6,,,,,,,,
1787067989.673,search,no_candidate,,,,,,,,,
1787067989.750,search,no_candidate,red:0.84:7.8,,,,,,,,
1787067989.826,search,no_candidate,red:0.82:7.7,,,,,,,,
1787067989.903,search,no_candidate,red:0.80:8.2,,,,,,,,
1787067989.980,search,no_candidate,red:0.77:8.3,,,,,,,,
1787067990.056,search,candidate,red:0.75:8.6,red,0.749,8.6,red,,,,
1787067990.133,search,candidate,red:0.72:8.8,red,0.723,8.8,"red,red",,,,
1787067990.211,search,candidate,red:0.69:8.3,red,0.695,8.3,"red,red,red",,,,
1787067990.211,search,lock,red:0.69:8.3,,,,,red,0.101,0.695,
1787067990.283,locked,track,,,,,,red,0.091,0.669,
1787067990.360,locked,track,,,,,,red,0.088,0.644,
1787067990.438,locked,track,,,,,,red,0.063,0.623,
1787067990.515,locked,track,,,,,,red,0.036,0.603,
1787067990.592,locked,track,,,,,,red,0.017,0.584,
1787067990.669,locked,track,,,,,,red,-0.027,0.561,
1787067990.746,locked,track,,,,,,red,-0.056,0.537,
1787067990.823,locked,track,,,,,,red,-0.087,0.511,
1787067990.899,locked,track,,,,,,red,-0.111,0.483,
1787067990.976,locked,track,,,,,,red,-0.125,0.458,
1787067991.052,locked,track,,,,,,red,-0.133,0.435,
1787067991.129,locked,track,,,,,,red,-0.144,0.411,
1787067991.206,locked,track,,,,,,red,-0.149,0.388,
1787067991.282,locked,track,,,,,,red,-0.148,0.367,
1787067991.358,locked,track,,,,,,red,-0.154,0.339,
1787067991.435,locked,track,,,,,,red,-0.159,0.311,
1787067991.512,locked,track,,,,,,red,-0.157,0.286,
1787067991.588,locked,track,,,,,,red,-0.162,0.260,
1787067991.665,locked,track,,,,,,red,-0.165,0.237,
1787067991.742,locked,track,,,,,,red,-0.165,0.215,
1787067991.818,locked,track,,,,,,red,-0.166,0.191,
1787067991.895,locked,track,,,,,,red,-0.165,0.167,
1787067991.972,locked,track,,,,,,red,-0.165,0.142,
1787067992.049,locked,track,,,,,,red,-0.163,0.115,
1787067992.126,locked,track,,,,,,red,-0.163,0.088,
1787067992.202,locked,track,,,,,,red,-0.164,0.064,
1787067992.279,locked,track,,,,,,red,-0.159,0.054,
1787067992.356,locked,track,,,,,,red,-0.157,0.052,
1787067992.432,locked,track,,,,,,red,-0.170,0.042,
1787067992.509,locked,track,,,,,,red,-0.162,0.015,
1787067992.586,locked,release,,,,,,red,-0.162,0.015,y<=0 (পার হয়ে গেছে)
1787067992.665,search,no_candidate,,,,,,,,,
1787067992.742,search,no_candidate,,,,,,,,,
1787067992.818,search,no_candidate,,,,,,,,,
1787067992.894,search,no_candidate,,,,,,,,,
1787067992.970,search,no_candidate,,,,,,,,,
1787067993.047,search,no_candidate,,,,,,,,,
1787067993.123,search,no_candidate,,,,,,,,,
1787067993.200,search,no_candidate,,,,,,,,,
1787067993.276,search,no_candidate,,,,,,,,,
1787067993.352,search,no_candidate,,,,,,,,,
1787067993.429,search,no_candidate,,,,,,,,,
1787067993.506,search,no_candidate,,,,,,,,,
1787067993.588,search,no_candidate,,,,,,,,,
1787067993.659,search,no_candidate,,,,,,,,,
1787067993.737,search,no_candidate,,,,,,,,,
1787067993.814,search,no_candidate,,,,,,,,,
1787067993.888,search,no_candidate,,,,,,,,,
1787067993.965,search,no_candidate,,,,,,,,,
1787067994.042,search,no_candidate,,,,,,,,,
1787067994.119,search,no_candidate,,,,,,,,,
1787067994.197,search,no_candidate,,,,,,,,,
1787067994.272,search,no_candidate,,,,,,,,,
1787067994.350,search,no_candidate,,,,,,,,,
1787067994.426,search,no_candidate,,,,,,,,,
1787067994.508,search,no_candidate,,,,,,,,,
1787067994.580,search,no_candidate,,,,,,,,,
1787067994.656,search,no_candidate,,,,,,,,,
1787067994.733,search,no_candidate,,,,,,,,,
1787067994.810,search,no_candidate,,,,,,,,,
1787067994.886,search,no_candidate,,,,,,,,,
1787067994.963,search,no_candidate,,,,,,,,,
1787067995.039,search,no_candidate,,,,,,,,,
1787067995.117,search,no_candidate,,,,,,,,,
1787067995.194,search,no_candidate,,,,,,,,,
1787067995.270,search,no_candidate,,,,,,,,,
1787067995.347,search,no_candidate,,,,,,,,,
1787068078.493,search,no_candidate,,,,,,,,,
1787068078.563,search,no_candidate,,,,,,,,,
1787068078.639,search,no_candidate,,,,,,,,,
1787068078.715,search,no_candidate,,,,,,,,,
1787068078.792,search,no_candidate,,,,,,,,,
1787068078.869,search,no_candidate,,,,,,,,,
1787068078.944,search,no_candidate,red:0.82:6.3,,,,,,,,
1787068079.021,search,no_candidate,red:0.80:6.8,,,,,,,,
1787068079.098,search,no_candidate,red:0.77:8.0,,,,,,,,
1787068079.174,search,candidate,red:0.75:8.6,red,0.750,8.6,red,,,,
1787068079.252,search,candidate,red:0.73:8.9,red,0.728,8.9,"red,red",,,,
1787068079.328,search,candidate,red:0.71:10.1,red,0.707,10.1,"red,red,red",,,,
1787068079.328,search,lock,red:0.71:10.1,,,,,red,0.125,0.707,
1787068079.401,locked,track,,,,,,red,0.121,0.688,
1787068079.478,locked,track,,,,,,red,0.118,0.669,
1787068079.555,locked,track,,,,,,red,0.103,0.653,
1787068079.632,locked,track,,,,,,red,0.081,0.632,
1787068079.708,locked,track,,,,,,red,0.049,0.611,
1787068079.785,locked,track,,,,,,red,0.020,0.591,
1787068079.863,locked,track,,,,,,red,-0.031,0.565,
1787068079.940,locked,track,,,,,,red,-0.065,0.541,
1787068080.015,locked,track,,,,,,red,-0.081,0.524,
1787068080.092,locked,track,,,,,,red,-0.095,0.506,
1787068080.168,locked,track,,,,,,red,-0.105,0.489,
1787068080.245,locked,track,,,,,,red,-0.118,0.467,
1787068080.321,locked,track,,,,,,red,-0.132,0.443,
1787068080.397,locked,track,,,,,,red,-0.139,0.418,
1787068080.474,locked,track,,,,,,red,-0.141,0.396,
1787068080.550,locked,track,,,,,,red,-0.147,0.371,
1787068080.627,locked,track,,,,,,red,-0.148,0.351,
1787068080.703,locked,track,,,,,,red,-0.152,0.332,
1787068080.780,locked,track,,,,,,red,-0.152,0.318,
1787068080.856,locked,track,,,,,,red,-0.158,0.300,
1787068080.933,locked,track,,,,,,red,-0.160,0.281,
1787068081.009,locked,track,,,,,,red,-0.161,0.261,
1787068081.086,locked,track,,,,,,red,-0.163,0.236,
1787068081.163,locked,track,,,,,,red,-0.163,0.212,
1787068081.239,locked,track,,,,,,red,-0.163,0.190,
1787068081.316,locked,track,,,,,,red,-0.160,0.170,
1787068081.393,locked,track,,,,,,red,-0.163,0.151,
1787068081.469,locked,track,,,,,,red,-0.164,0.134,
1787068081.546,locked,track,,,,,,red,-0.163,0.117,
1787068081.622,locked,track,,,,,,red,-0.163,0.097,
1787068081.699,locked,track,,,,,,red,-0.164,0.073,
1787068081.776,locked,track,,,,,,red,-0.161,0.053,
1787068081.852,locked,track,,,,,,red,-0.164,0.037,
1787068081.929,locked,track,,,,,,red,-0.159,0.029,
1787068082.006,locked,track,,,,,,red,-0.174,0.028,
1787068082.082,locked,track,,,,,,red,-0.165,0.010,
1787068082.159,locked,release,,,,,,red,-0.165,0.010,y<=0 (পার হয়ে গেছে)
1787068082.239,search,no_candidate,,,,,,,,,
1787068082.317,search,no_candidate,,,,,,,,,
1787068082.391,search,no_candidate,,,,,,,,,
1787068082.468,search,no_candidate,,,,,,,,,
1787068082.544,search,no_candidate,,,,,,,,,
1787068082.623,search,no_candidate,,,,,,,,,
1787068082.697,search,no_candidate,,,,,,,,,
1787068082.773,search,no_candidate,,,,,,,,,
1787068082.850,search,no_candidate,,,,,,,,,
1787068082.926,search,no_candidate,,,,,,,,,
1787068083.003,search,no_candidate,,,,,,,,,
1787068083.080,search,no_candidate,,,,,,,,,
1787068083.156,search,no_candidate,,,,,,,,,
1787068083.232,search,no_candidate,,,,,,,,,
1787068083.308,search,no_candidate,,,,,,,,,
1787068083.385,search,no_candidate,,,,,,,,,
1787068083.462,search,no_candidate,,,,,,,,,
1787068083.539,search,no_candidate,,,,,,,,,
1787068083.616,search,no_candidate,,,,,,,,,
1787068083.693,search,no_candidate,,,,,,,,,
1787068083.770,search,no_candidate,,,,,,,,,
1787068083.846,search,no_candidate,,,,,,,,,
1787068083.924,search,no_candidate,,,,,,,,,
1787068084.004,search,no_candidate,,,,,,,,,
1787068084.075,search,no_candidate,,,,,,,,,
1787068084.152,search,no_candidate,,,,,,,,,
1787068084.229,search,no_candidate,,,,,,,,,
1787068084.305,search,no_candidate,,,,,,,,,
1787068084.384,search,no_candidate,,,,,,,,,
1787068084.460,search,no_candidate,,,,,,,,,
1787068084.537,search,no_candidate,,,,,,,,,
1787068084.615,search,no_candidate,,,,,,,,,
1787068084.692,search,no_candidate,,,,,,,,,
1787068084.769,search,no_candidate,,,,,,,,,
1787068084.846,search,no_candidate,,,,,,,,,
1787068084.924,search,no_candidate,,,,,,,,,
1787068085.001,search,no_candidate,,,,,,,,,
1787068085.078,search,no_candidate,,,,,,,,,
1787068085.156,search,no_candidate,,,,,,,,,
1787068085.232,search,no_candidate,,,,,,,,,
1787068085.309,search,no_candidate,,,,,,,,,
1787068085.385,search,no_candidate,,,,,,,,,
1787068085.462,search,no_candidate,,,,,,,,,
1787068085.538,search,no_candidate,,,,,,,,,
1787068085.615,search,no_candidate,,,,,,,,,
1787068085.691,search,no_candidate,,,,,,,,,
1787068085.768,search,no_candidate,,,,,,,,,
1787068085.844,search,no_candidate,,,,,,,,,
1787068085.920,search,no_candidate,,,,,,,,,
1787068085.997,search,no_candidate,,,,,,,,,
1787068086.075,search,no_candidate,,,,,,,,,
1787068086.150,search,no_candidate,,,,,,,,,
1787068086.227,search,no_candidate,,,,,,,,,
1787068086.303,search,no_candidate,,,,,,,,,
1787068086.380,search,no_candidate,,,,,,,,,
1787068086.456,search,no_candidate,,,,,,,,,
1787068086.534,search,no_candidate,,,,,,,,,
1787068086.608,search,no_candidate,,,,,,,,,
1787068472.778,search,no_candidate,,,,,,,,,
1787068472.849,search,no_candidate,,,,,,,,,
1787068472.924,search,no_candidate,,,,,,,,,
1787068473.001,search,no_candidate,,,,,,,,,
1787068473.077,search,no_candidate,red:0.85:4.1,,,,,,,,
1787068473.153,search,no_candidate,red:0.83:4.1,,,,,,,,
1787068473.229,search,no_candidate,red:0.82:4.7,,,,,,,,
1787068473.306,search,no_candidate,,,,,,,,,
1787068473.382,search,no_candidate,red:0.77:4.4,,,,,,,,
1787068473.458,search,candidate,red:0.75:4.5,red,0.746,4.5,red,,,,
1787068473.536,search,candidate,red:0.72:4.4,red,0.724,4.4,"red,red",,,,
1787068473.612,search,candidate,red:0.70:4.1,red,0.703,4.1,"red,red,red",,,,
1787068473.613,search,lock,red:0.70:4.1,,,,,red,0.050,0.703,
1787068473.686,locked,track,,,,,,red,0.055,0.684,
1787068473.763,locked,track,,,,,,red,0.044,0.662,
1787068473.839,locked,track,,,,,,red,0.031,0.638,
1787068473.916,locked,track,,,,,,red,0.019,0.616,
1787068473.993,locked,track,,,,,,red,-0.026,0.590,
1787068474.070,locked,track,,,,,,red,-0.058,0.566,
1787068474.146,locked,track,,,,,,red,-0.088,0.540,
1787068474.223,locked,track,,,,,,red,-0.108,0.515,
1787068474.299,locked,track,,,,,,red,-0.122,0.491,
1787068474.376,locked,track,,,,,,red,-0.133,0.467,
1787068474.452,locked,track,,,,,,red,-0.141,0.442,
1787068474.528,locked,track,,,,,,red,-0.153,0.412,
1787068474.605,locked,track,,,,,,red,-0.156,0.386,
1787068474.682,locked,track,,,,,,red,-0.156,0.363,
1787068474.758,locked,track,,,,,,red,-0.162,0.337,
1787068474.835,locked,track,,,,,,red,-0.162,0.315,
1787068474.912,locked,track,,,,,,red,-0.165,0.291,
1787068474.988,locked,track,,,,,,red,-0.165,0.266,
1787068475.065,locked,track,,,,,,red,-0.169,0.240,
1787068475.142,locked,track,,,,,,red,-0.168,0.214,
1787068475.219,locked,track,,,,,,red,-0.168,0.188,
1787068475.296,locked,track,,,,,,red,-0.168,0.165,
1787068475.373,locked,track,,,,,,red,-0.169,0.142,
1787068475.450,locked,track,,,,,,red,-0.168,0.119,
1787068475.527,locked,track,,,,,,red,-0.167,0.094,
1787068475.604,locked,track,,,,,,red,-0.166,0.067,
1787068475.680,locked,track,,,,,,red,-0.166,0.049,
1787068475.757,locked,track,,,,,,red,-0.160,0.043,
1787068475.833,locked,track,,,,,,red,-0.171,0.041,
1787068475.910,locked,track,,,,,,red,-0.167,0.012,
1787068475.987,locked,release,,,,,,red,-0.167,0.012,y<=0 (পার হয়ে গেছে)
1787068476.068,search,no_candidate,,,,,,,,,
1787068476.143,search,no_candidate,,,,,,,,,
1787068476.219,search,no_candidate,,,,,,,,,
1787068476.296,search,no_candidate,,,,,,,,,
1787068476.372,search,no_candidate,,,,,,,,,
1787068476.448,search,no_candidate,,,,,,,,,
1787068476.525,search,no_candidate,,,,,,,,,
1787068476.602,search,no_candidate,,,,,,,,,
1787068476.677,search,no_candidate,,,,,,,,,
1787068476.754,search,no_candidate,,,,,,,,,
1787068476.830,search,no_candidate,,,,,,,,,
1787068476.906,search,no_candidate,,,,,,,,,
1787068476.983,search,no_candidate,,,,,,,,,
1787068477.060,search,no_candidate,,,,,,,,,
1787068477.136,search,no_candidate,,,,,,,,,
1787068477.213,search,no_candidate,,,,,,,,,
1787068477.290,search,no_candidate,,,,,,,,,
1787068477.366,search,no_candidate,,,,,,,,,
1787068477.443,search,no_candidate,,,,,,,,,
1787068477.519,search,no_candidate,,,,,,,,,
1787068477.597,search,no_candidate,,,,,,,,,
1787068477.672,search,no_candidate,,,,,,,,,
1787068477.749,search,no_candidate,,,,,,,,,
1787068477.825,search,no_candidate,,,,,,,,,
1787068477.902,search,no_candidate,,,,,,,,,
1787068477.979,search,no_candidate,,,,,,,,,
1787068478.057,search,no_candidate,,,,,,,,,
1787068478.133,search,no_candidate,,,,,,,,,
1787068478.210,search,no_candidate,,,,,,,,,
1787068478.287,search,no_candidate,,,,,,,,,
1787068478.364,search,no_candidate,,,,,,,,,
1787068478.441,search,no_candidate,,,,,,,,,
1787068478.519,search,no_candidate,,,,,,,,,
1787068478.596,search,no_candidate,,,,,,,,,
1787068478.673,search,no_candidate,,,,,,,,,
1787068478.750,search,no_candidate,,,,,,,,,
1787068478.827,search,no_candidate,,,,,,,,,
1787068478.904,search,no_candidate,,,,,,,,,
1787068478.980,search,no_candidate,,,,,,,,,
1787068479.057,search,no_candidate,,,,,,,,,
1787068479.133,search,no_candidate,,,,,,,,,
1787068479.210,search,no_candidate,,,,,,,,,
1787068479.286,search,no_candidate,,,,,,,,,
t,s,manual_test,,,,,,,,,test
